abstract,lead_paragraph,news_desk,section_name,subsection_name,time,subject
"Speculating on the unlikely possibility of four separate winners in the four early states.","First, it was the fears of a contested convention. Then came the fretting about the strength of the field. ","First, it was the fears of a contested convention. Then came the fretting about the strength of the field. ","U.S.","Politics","2019-12-09T23:56:30+0000","democrat"
"Four white front-runners, three of them 70 or older. What is this primary telling us?","Kamala Harris folded her tent, and on that patch of ground, many flimsy theories bloomed. ","Kamala Harris folded her tent, and on that patch of ground, many flimsy theories bloomed. ","Opinion","Sunday Review","2019-12-07T19:30:07+0000","democrat"
"Rob Sand figured out how to win statewide office as a Democrat in Iowa, and now the presidential contenders are seeking his counsel — that is, when he isn’t deer hunting with bow and arrow.","CARROLL, Iowa — When I asked Rob Sand, the Iowa state auditor, if he could recommend fascinating Iowans to profile, he suggested himself. Then he suggested we go deer hunting.","CARROLL, Iowa — When I asked Rob Sand, the Iowa state auditor, if he could recommend fascinating Iowans to profile, he suggested himself. Then he suggested we go deer hunting.","U.S.","Politics","2019-12-07T10:00:14+0000","democrat"
"The president has made a trade agreement that caters to his opposition — and that’s why it stands a chance of passing Congress.","WASHINGTON — House Democrats return to Washington on Monday facing a difficult choice: Should they hand President Trump a victory in the midst of a heated impeachment battle or walk away from one of the most progressive trade pacts ever negotiated by either party?","WASHINGTON — House Democrats return to Washington on Monday facing a difficult choice: Should they hand President Trump a victory in the midst of a heated impeachment battle or walk away from one of the most progressive trade pacts ever negotiated by either party?","U.S.","Politics","2019-12-01T19:27:56+0000","democrat"
"A member of the House Intelligence Committee, Mr. Heck said in a blog post that the impeachment hearings had left him “weary.”","Representative Denny Heck, Democrat of Washington, said on Wednesday that he would not run for re-election in November in part because the impeachment hearings, in which he has participated as a member of the House Intelligence Committee, had left him “weary.”","Representative Denny Heck, Democrat of Washington, said on Wednesday that he would not run for re-election in November in part because the impeachment hearings, in which he has participated as a member of the House Intelligence Committee, had left him “weary.”","U.S.",,"2019-12-04T20:53:22+0000","democrat"
"Starting with Nancy Pelosi, many party leaders have failed to make labor enough of a priority, which hurts their coalition.","Organized labor is the lifeblood of liberal politics in the United States. Unions backed Franklin D. Roosevelt’s New Deal reforms, gave critical support to the fight for the Great Society and powered Democratic political victories throughout the 20th century. Even now, the Democratic Party is generally strongest in states where organized labor has the most influence.","Organized labor is the lifeblood of liberal politics in the United States. Unions backed Franklin D. Roosevelt’s New Deal reforms, gave critical support to the fight for the Great Society and powered Democratic political victories throughout the 20th century. Even now, the Democratic Party is generally strongest in states where organized labor has the most influence.","Opinion",,"2019-12-04T11:00:08+0000","democrat"
"Led by Elizabeth Warren, presidential candidates and liberal economists are pushing an unorthodox “pro-growth” argument for raising taxes on the rich.","WASHINGTON — Elizabeth Warren is leading a liberal rebellion against a long-held economic view that large tax increases slow economic growth, trying to upend Democratic policymaking in the way supply-side conservatives changed Republican orthodoxy four decades ago. ","WASHINGTON — Elizabeth Warren is leading a liberal rebellion against a long-held economic view that large tax increases slow economic growth, trying to upend Democratic policymaking in the way supply-side conservatives changed Republican orthodoxy four decades ago. ","Business Day",,"2019-12-05T10:00:15+0000","democrat"
"From Russia to Ukraine, the House needs to show the president’s pattern of corruption.","At Wednesday’s Judiciary Committee hearing on impeachment, the witness called by Republicans, the George Washington University law professor Jonathan Turley, gave a disingenuous, hackish performance. ","At Wednesday’s Judiciary Committee hearing on impeachment, the witness called by Republicans, the George Washington University law professor Jonathan Turley, gave a disingenuous, hackish performance. ","Opinion",,"2019-12-06T01:15:14+0000","democrat"
"The 2020 Democratic field was historically diverse. But the next debate won’t look like it.","We’ve talked a lot in this newsletter about the historic diversity of the Democratic primary campaign. At its peak, the field boasted six women, two black senators, a Latino former cabinet secretary, an American Samoan member of Congress and an Asian-American businessman.","We’ve talked a lot in this newsletter about the historic diversity of the Democratic primary campaign. At its peak, the field boasted six women, two black senators, a Latino former cabinet secretary, an American Samoan member of Congress and an Asian-American businessman.","U.S.","Politics","2019-12-04T23:46:41+0000","democrat"
"At the House Judiciary Committee hearing, Democrats stuck to repeating the facts of their case as Republicans denounced impeachment as a misguided partisan process.","Democrats and Republicans who squared off at Monday’s impeachment hearing in the House Judiciary Committee had one remarkable point of agreement: Both said that there are four key facts at the heart of the debate about whether President Trump should be impeached by the House and removed from office. ","Democrats and Republicans who squared off at Monday’s impeachment hearing in the House Judiciary Committee had one remarkable point of agreement: Both said that there are four key facts at the heart of the debate about whether President Trump should be impeached by the House and removed from office. ","U.S.","Politics","2019-12-09T12:30:06+0000","democrat"
"In a volatile primary with no true front-runner, Democrats face the prospect of a monthslong delegate battle that would also feature a lengthy public airing of the party’s ideological fissures.","MASON CITY, Iowa — With just under two months until the Iowa caucuses, the already-volatile Democratic presidential race has grown even more unsettled, setting the stage for a marathon nominating contest between the party’s moderate and liberal factions.","MASON CITY, Iowa — With just under two months until the Iowa caucuses, the already-volatile Democratic presidential race has grown even more unsettled, setting the stage for a marathon nominating contest between the party’s moderate and liberal factions.","U.S.","Politics","2019-12-07T10:00:14+0000","democrat"
"In a report intended to counter Democrats’ impeachment case against President Trump, Republicans argued his efforts to get Ukraine to investigate his rivals had nothing to do with politics.","WASHINGTON — House Democrats pressed forward on Monday with the next phase of their impeachment inquiry, putting the final touches on an Intelligence Committee report expected to form the basis of their case that President Trump’s effort to pressure Ukraine to announce investigations of his political rivals was an abuse of power that warrants his removal from office.","WASHINGTON — House Democrats pressed forward on Monday with the next phase of their impeachment inquiry, putting the final touches on an Intelligence Committee report expected to form the basis of their case that President Trump’s effort to pressure Ukraine to announce investigations of his political rivals was an abuse of power that warrants his removal from office.","U.S.","Politics","2019-12-02T20:30:10+0000","democrat"
"The confrontation exposed a deep rift among Democrats in a reliably blue state.","TRENTON, N.J. — The confrontation was brief but explosive, and it laid bare the deepening fault lines within the Democratic Party in one of America’s bluest states.","TRENTON, N.J. — The confrontation was brief but explosive, and it laid bare the deepening fault lines within the Democratic Party in one of America’s bluest states.","New York",,"2019-12-10T08:00:17+0000","democrat"
"As the party reckons with the likelihood of an all-white candidate lineup for the December debate, Cory Booker and Julián Castro see fund-raising gains.","DES MOINES — Senator Cory Booker strode onstage here with a question, one that voters, activists and disgruntled members of the Democratic National Committee are also asking in the wake of Senator Kamala Harris’s sudden departure from the 2020 race.","DES MOINES — Senator Cory Booker strode onstage here with a question, one that voters, activists and disgruntled members of the Democratic National Committee are also asking in the wake of Senator Kamala Harris’s sudden departure from the 2020 race.","U.S.","Politics","2019-12-05T18:07:30+0000","democrat"
"The candidates mostly tempered their criticism of one another and presented a united front on vital issues like climate change.","The Democratic presidential candidates yielded to the furor surrounding the impeachment inquiry in Washington in their primary debate on Wednesday, for the first time training their fire more steadily on President Trump than on one another and presenting a largely united front on vital issues like climate change and abortion rights.","The Democratic presidential candidates yielded to the furor surrounding the impeachment inquiry in Washington in their primary debate on Wednesday, for the first time training their fire more steadily on President Trump than on one another and presenting a largely united front on vital issues like climate change and abortion rights.","U.S.","Politics","2019-11-21T02:44:07+0000","democrat"
"To avoid a disappointing 2020 turnout, the party needs to understand the nuances of the Latino electorate.","By the evidence of the Democratic primary so far, it’s clear that no leading Democratic candidate has any idea of how to engage Latinos. The Latino electorate has always been complex, a reality that Democratic candidates, consultants and election “experts” fail to grasp or simply ignore.","By the evidence of the Democratic primary so far, it’s clear that no leading Democratic candidate has any idea of how to engage Latinos. The Latino electorate has always been complex, a reality that Democratic candidates, consultants and election “experts” fail to grasp or simply ignore.","Opinion",,"2019-11-20T16:00:11+0000","democrat"
"The state’s demographics have been favorable to turn it blue, but destiny is shaped by history, too.","With tonight’s presidential primary debate, Georgia Democrats are breathing a sigh of relief. Finally, they are saying, the national party is recognizing that demographics really are destiny, that Georgia can and should be a central part of any plan to win back the White House and the Senate.","With tonight’s presidential primary debate, Georgia Democrats are breathing a sigh of relief. Finally, they are saying, the national party is recognizing that demographics really are destiny, that Georgia can and should be a central part of any plan to win back the White House and the Senate.","Opinion",,"2019-11-20T11:00:08+0000","democrat"
"Party leaders are describing the health care proposal that appeals to the party’s left as a risky bet that could neutralize one of the Democrats’ prime issues in 2020.","Prominent Democratic leaders are sounding increasingly vocal alarms to try to halt political momentum for “Medicare for all,” opting to risk alienating liberals and deepening the divide in the party rather than enter an election year with a sweeping health care proposal that many see as a liability for candidates up and down the ballot.","Prominent Democratic leaders are sounding increasingly vocal alarms to try to halt political momentum for “Medicare for all,” opting to risk alienating liberals and deepening the divide in the party rather than enter an election year with a sweeping health care proposal that many see as a liability for candidates up and down the ballot.","U.S.","Politics","2019-11-26T10:00:16+0000","democrat"
"The Democratic presidential candidates don’t want to simply defend abortion rights. They want to go on offense.","The Democratic presidential field has coalesced around an abortion rights agenda more far-reaching than anything past nominees have proposed, according to a New York Times survey of the campaigns. The positions reflect a hugely consequential shift on one of the country’s most politically divisive issues.","The Democratic presidential field has coalesced around an abortion rights agenda more far-reaching than anything past nominees have proposed, according to a New York Times survey of the campaigns. The positions reflect a hugely consequential shift on one of the country’s most politically divisive issues.","U.S.","Politics","2019-11-25T10:00:20+0000","democrat"
"A new poll shows 70 percent of Americans believe President Trump was wrong to try to enlist Ukraine to investigate his political rivals. Democratic lawmakers are ratcheting up their rhetoric.","WASHINGTON — House Democrats, confident that public support is growing for their impeachment inquiry as they head into a second week of nationally televised hearings, are sharpening their tone as they make their case that President Trump withheld military aid from Ukraine in a bid to force its leader to investigate his political rivals.","WASHINGTON — House Democrats, confident that public support is growing for their impeachment inquiry as they head into a second week of nationally televised hearings, are sharpening their tone as they make their case that President Trump withheld military aid from Ukraine in a bid to force its leader to investigate his political rivals.","U.S.","Politics","2019-11-19T01:08:53+0000","democrat"
"The 2018 governor’s race in the state was marred by accusations of rampant voter suppression, particularly of black voters.","The fifth Democratic debate in Atlanta brought the spotlight of the presidential primary to Georgia, a state plagued by rampant accusations of voter suppression and unfairly aggressive voter registration purges.","The fifth Democratic debate in Atlanta brought the spotlight of the presidential primary to Georgia, a state plagued by rampant accusations of voter suppression and unfairly aggressive voter registration purges.","U.S.","Politics","2019-11-21T11:00:08+0000","democrat"
"President Trump is refusing to engage and Democrats have concluded they will press ahead anyway, rendering a historic undertaking little more than a foregone conclusion.","WASHINGTON — Almost from the moment that Speaker Nancy Pelosi and her lieutenants decided this fall to pursue the impeachment of President Trump, they made a fateful judgment: If the president intended to do nothing but stonewall and subvert their inquiry, they were not going to be the ones politely sticking to lofty traditions.","WASHINGTON — Almost from the moment that Speaker Nancy Pelosi and her lieutenants decided this fall to pursue the impeachment of President Trump, they made a fateful judgment: If the president intended to do nothing but stonewall and subvert their inquiry, they were not going to be the ones politely sticking to lofty traditions.","U.S.","Politics","2019-12-08T18:39:33+0000","democrat"
"No Democrat in modern times has won the party’s nomination without claiming majorities of black voters, the most crucial voting bloc in South Carolina and an array of delegate-rich states.","Former Vice President Joseph R. Biden Jr. has 154 endorsements from current or former black or Hispanic elected officials. Senator Kamala Harris has 93. Senator Bernie Sanders has 91. Senator Cory Booker has 50. Senator Elizabeth Warren has 43.","Former Vice President Joseph R. Biden Jr. has 154 endorsements from current or former black or Hispanic elected officials. Senator Kamala Harris has 93. Senator Bernie Sanders has 91. Senator Cory Booker has 50. Senator Elizabeth Warren has 43.","U.S.","Politics","2019-11-21T16:03:25+0000","democrat"
"It helps explain Trump.","This article is part of David Leonhardt’s newsletter. You can sign up here to receive it each weekday.","This article is part of David Leonhardt’s newsletter. You can sign up here to receive it each weekday.","Opinion",,"2019-12-06T15:29:15+0000","democrat"
"An army of Democratic lawyers and aides are preparing to formally present the case for impeachment to lawmakers — and the country.","WASHINGTON — Far from any television camera and a half world away from Ukraine, a few dozen Democratic staff aides, lawyers and House members are grinding away this weekend in a loose clump of Capitol Hill offices, the beating heart of the impeachment operation against President Trump. ","WASHINGTON — Far from any television camera and a half world away from Ukraine, a few dozen Democratic staff aides, lawyers and House members are grinding away this weekend in a loose clump of Capitol Hill offices, the beating heart of the impeachment operation against President Trump. ","U.S.",,"2019-12-07T18:25:34+0000","democrat"
"Who vs. what.","This article is part of David Leonhardt’s newsletter. You can sign up here to receive it each weekday.","This article is part of David Leonhardt’s newsletter. You can sign up here to receive it each weekday.","Opinion",,"2019-12-05T13:32:03+0000","democrat"
"In a sharply worded letter, the White House counsel denounced the impeachment inquiry and called on Democrats to end it, or get it over with quickly so it could proceed to a Senate trial.","WASHINGTON — The White House signaled on Friday that it did not intend to mount a defense of President Trump or otherwise participate in the House impeachment proceedings, sending Democrats a sharply worded letter that condemned the process as “completely baseless” and urged them to get it over with quickly.","WASHINGTON — The White House signaled on Friday that it did not intend to mount a defense of President Trump or otherwise participate in the House impeachment proceedings, sending Democrats a sharply worded letter that condemned the process as “completely baseless” and urged them to get it over with quickly.","U.S.","Politics","2019-12-06T21:44:00+0000","democrat"
"Not to mention beat Trump.","Gail Collins: Bret, how do you feel about billionaires? Not personally — I’m sure some of your best friends are billionaires — but as presidential candidates. Ever since Michael Bloomberg started running, there’s been a lot of complaining about rich guys trying to buy the race. Does that worry you, or do you find people like Bloomberg and Tom Steyer to be, um, valuable additions?","Gail Collins: Bret, how do you feel about billionaires? Not personally — I’m sure some of your best friends are billionaires — but as presidential candidates. Ever since Michael Bloomberg started running, there’s been a lot of complaining about rich guys trying to buy the race. Does that worry you, or do you find people like Bloomberg and Tom Steyer to be, um, valuable additions?","Opinion",,"2019-12-10T11:00:08+0000","democrat"
"North Carolina Republicans introduced a new congressional map giving Democrats more potential clout. It’s still not enough, Democrats say, vowing to go back to court.","WASHINGTON — North Carolina’s Republican-controlled legislature, under a court order to throw out its gerrymandered congressional map, on Friday enacted a new one that effectively gives the party eight of the state’s 13 congressional seats instead of the 10 it had before. ","WASHINGTON — North Carolina’s Republican-controlled legislature, under a court order to throw out its gerrymandered congressional map, on Friday enacted a new one that effectively gives the party eight of the state’s 13 congressional seats instead of the 10 it had before. ","U.S.",,"2019-11-16T00:29:48+0000","democrat"
"Three law experts called by Democrats on the House Judiciary Committee and one called by Republicans provided contrasting judgments of the case for impeachment against President Trump.","Three law experts called by Democrats on the House Judiciary Committee and one called by Republicans provided contrasting judgments of the case for impeachment against President Trump.","Three law experts called by Democrats on the House Judiciary Committee and one called by Republicans provided contrasting judgments of the case for impeachment against President Trump.","U.S.","Politics","2019-12-04T21:33:31+0000","democrat"
"How Bernie and Biden both channel the current distrust of technocrats.","In last Sunday’s column, I argued that Democrats looking for someone to unify their fractious coalition should take another glance at Bernie Sanders — on the grounds that he’s more popular across the party’s different factions, more unifying, more exciting and more potentially appealing to non-liberals than his critics tend to assume.","In last Sunday’s column, I argued that Democrats looking for someone to unify their fractious coalition should take another glance at Bernie Sanders — on the grounds that he’s more popular across the party’s different factions, more unifying, more exciting and more potentially appealing to non-liberals than his critics tend to assume.","Opinion","Sunday Review","2019-12-07T19:30:14+0000","democrat"
"Everyone knows what Trump did. The Democrats shouldn’t draw out the process any longer than necessary.","Day 1 of the House Judiciary Committee phase of the impeachment hearings is just about over, and we’ve been reminded that however historic such hearings are, they’re not always riveting. Republican histrionics aside, legal scholars expounding on constitutional jurisprudence don’t pack quite the punch that Fiona Hill did.","Day 1 of the House Judiciary Committee phase of the impeachment hearings is just about over, and we’ve been reminded that however historic such hearings are, they’re not always riveting. Republican histrionics aside, legal scholars expounding on constitutional jurisprudence don’t pack quite the punch that Fiona Hill did.","Opinion",,"2019-12-04T20:19:07+0000","democrat"
"The House Intelligence Committee concluded that President Trump tried to “use the powers of his office to solicit foreign interference on his behalf in the 2020 election.”","WASHINGTON — House Democrats on Tuesday asserted that President Trump abused his power by pressuring Ukraine to help him in the 2020 presidential election, releasing an impeachment report that found the president “placed his own personal and political interests above the national interests of the United States.” ","WASHINGTON — House Democrats on Tuesday asserted that President Trump abused his power by pressuring Ukraine to help him in the 2020 presidential election, releasing an impeachment report that found the president “placed his own personal and political interests above the national interests of the United States.” ","U.S.","Politics","2019-12-03T18:51:37+0000","democrat"
"This bloc is crucial to the resilience of his campaign.","As the Democratic primary elections get closer, the party leadership has begun to fret in public about universal health care and other ambitious proposals. Even former President Barack Obama tried to assuage donors’ fears in November when he said that the “average American” doesn’t think we need to “tear down the system and remake it.” His comment captured the essence of tensions that have roiled the party for months. Party elites believe focusing squarely on President Trump’s record will end his presidency, while others counter that the Democrats also have to champion bold policies. ","As the Democratic primary elections get closer, the party leadership has begun to fret in public about universal health care and other ambitious proposals. Even former President Barack Obama tried to assuage donors’ fears in November when he said that the “average American” doesn’t think we need to “tear down the system and remake it.” His comment captured the essence of tensions that have roiled the party for months. Party elites believe focusing squarely on President Trump’s record will end his presidency, while others counter that the Democrats also have to champion bold policies. ","Opinion",,"2019-12-10T11:00:07+0000","democrat"
"Moody’s data shows that higher taxes would be paid disproportionately in Democratic-leaning states.","Much of the Democratic primary race has focused on taxes aimed at the billionaire class — policies devised to reduce inequality and fund progressive goals on health care and education.","Much of the Democratic primary race has focused on taxes aimed at the billionaire class — policies devised to reduce inequality and fund progressive goals on health care and education.","The Upshot",,"2019-11-19T10:00:07+0000","democrat"
"Mr. Buttigieg says he has no choice but to honor the  agreement he signed while working for McKinsey & Company. Critics say it undermines his image of transparency.","MT. VERNON, Iowa — Pete Buttigieg rose from small-city obscurity to the top of Iowa’s presidential polls by saying yes to every interview and presenting himself as an aggressively transparent candidate poised to take on President Trump and his array of known and unknown conflicts. ","MT. VERNON, Iowa — Pete Buttigieg rose from small-city obscurity to the top of Iowa’s presidential polls by saying yes to every interview and presenting himself as an aggressively transparent candidate poised to take on President Trump and his array of known and unknown conflicts. ","U.S.","Politics","2019-12-07T20:37:48+0000","democrat"
"Mr. Bullock, who won two terms as governor in a red state, didn’t catch on with Democratic primary voters. An aide said he would not run for Senate in Montana, as many Democrats have hoped.","CHARLESTON, S.C. — Gov. Steve Bullock of Montana, who argued relentlessly that his track record of winning in a deep red state made him the Democrat best positioned to beat President Trump in 2020, announced on Monday that he would end his presidential bid.","CHARLESTON, S.C. — Gov. Steve Bullock of Montana, who argued relentlessly that his track record of winning in a deep red state made him the Democrat best positioned to beat President Trump in 2020, announced on Monday that he would end his presidential bid.","U.S.","Politics","2019-12-02T11:00:07+0000","democrat"
"Our reporters Elizabeth Dias and Lisa Lerer answered reader questions about the political fight in the United States over abortion.","Nationwide access to abortion is more vulnerable than it has been in decades, partly because of an aggressive campaign by Republicans and President Trump’s election and appointment of two conservative Supreme Court justices. But as The Times’s Elizabeth Dias and Lisa Lerer recently reported, many abortion rights advocates have also blamed their movement’s own missteps. ","Nationwide access to abortion is more vulnerable than it has been in decades, partly because of an aggressive campaign by Republicans and President Trump’s election and appointment of two conservative Supreme Court justices. But as The Times’s Elizabeth Dias and Lisa Lerer recently reported, many abortion rights advocates have also blamed their movement’s own missteps. ","Reader Center",,"2019-12-03T15:19:31+0000","democrat"
"The once impeachment-wary leader whom many in the Democratic Party considered a liability has transformed into a powerful symbol of the caucus.","— Lisa Lerer, The New York Times politics reporter.","— Lisa Lerer, The New York Times politics reporter.","U.S.","Politics","2019-12-06T18:54:08+0000","democrat"
"Former Vice President Joseph R. Biden Jr. had a tense exchange with a voter questioning Hunter Biden’s overseas business dealings. Mr. Biden also challenged the man to do push-ups.","Former Vice President Joseph R. Biden Jr. had a tense exchange with a voter questioning Hunter Biden’s overseas business dealings. Mr. Biden also challenged the man to do push-ups.","Former Vice President Joseph R. Biden Jr. had a tense exchange with a voter questioning Hunter Biden’s overseas business dealings. Mr. Biden also challenged the man to do push-ups.","U.S.",,"2019-12-05T20:34:44+0000","democrat"
"The billionaire businessman and former mayor of New York is hoping he can forge a path to the Democratic nomination by positioning himself as a centrist who can take on President Trump.","The billionaire businessman and former mayor of New York is hoping he can forge a path to the Democratic nomination by positioning himself as a centrist who can take on President Trump.","The billionaire businessman and former mayor of New York is hoping he can forge a path to the Democratic nomination by positioning himself as a centrist who can take on President Trump.","U.S.","Politics","2019-12-05T21:21:37+0000","democrat"
"The 300-page report lays out Democrats’ case that President Trump abused the power of his office to solicit political help from a foreign power and obstructed the inquiry into his actions.","WASHINGTON — The House Intelligence Committee released a 300-page impeachment report on Tuesday accusing President Trump of trying to enlist Ukraine to help him in the 2020 presidential election and obstructing the congressional inquiry by trying to cover it up.","WASHINGTON — The House Intelligence Committee released a 300-page impeachment report on Tuesday accusing President Trump of trying to enlist Ukraine to help him in the 2020 presidential election and obstructing the congressional inquiry by trying to cover it up.","U.S.","Politics","2019-12-03T23:16:13+0000","democrat"
"It is worth exploring the election system in this country and who benefits from it.","Kamala Harris entered the presidential race with a bang.","Kamala Harris entered the presidential race with a bang.","Opinion",,"2019-12-05T00:16:40+0000","democrat"
"The trip was engineered to introduce him to voters who have received far less attention from his campaign than a largely white cohort of donors and Iowa caucusgoers.","ROUND O, S.C. — While Pete Buttigieg sat in a semicircle with six entrepreneurs at a black-owned winery, a rooster crowed nearby, its cock-a-doodle-dooing drowning out the South Bend, Ind., mayor’s explanation of how he would help small-business owners of color.","ROUND O, S.C. — While Pete Buttigieg sat in a semicircle with six entrepreneurs at a black-owned winery, a rooster crowed nearby, its cock-a-doodle-dooing drowning out the South Bend, Ind., mayor’s explanation of how he would help small-business owners of color.","U.S.","Politics","2019-12-04T18:50:29+0000","democrat"
"Steve Bullock and Joe Sestak also ended their campaigns, and Joe Biden had a tense exchange with a voter in Iowa.","Hello, and welcome back to our weekly roundup of important moments in the 2020 Democratic primary. We were off last week for Thanksgiving. Did you miss us?","Hello, and welcome back to our weekly roundup of important moments in the 2020 Democratic primary. We were off last week for Thanksgiving. Did you miss us?","U.S.","Politics","2019-12-07T10:00:11+0000","democrat"
"While demanding that an opponent, Pete Buttigieg, disclose his McKinsey clients, Ms. Warren provided a fuller explanation of her compensation as a legal consultant.","Senator Elizabeth Warren disclosed a detailed list of compensation she received during 30 years of moonlighting as a legal consultant — about $1.9 million in all — as she and Mayor Pete Buttigieg continued a back-and-forth demanding transparency in the race for the Democratic presidential nomination. ","Senator Elizabeth Warren disclosed a detailed list of compensation she received during 30 years of moonlighting as a legal consultant — about $1.9 million in all — as she and Mayor Pete Buttigieg continued a back-and-forth demanding transparency in the race for the Democratic presidential nomination. ","U.S.","Politics","2019-12-09T04:17:07+0000","democrat"
"The left-wing opposition Labour Party outperformed most polls in 2017 thanks in part to its strength among young people, who appear to have registered in larger numbers this time around.","SOUTHAMPTON, England — As students from the University of Southampton zigzagged across campus on a recent cold afternoon, youthful activists with Britain’s main opposition Labour Party intercepted them with cups of tea and a leaflet with detailed instructions on how to register to vote in December’s election. ","SOUTHAMPTON, England — As students from the University of Southampton zigzagged across campus on a recent cold afternoon, youthful activists with Britain’s main opposition Labour Party intercepted them with cups of tea and a leaflet with detailed instructions on how to register to vote in December’s election. ","World","Europe","2019-12-08T11:02:32+0000","democrat"
"The new leader of the Working Families Party in New York hopes to remake the progressive group to attract the energized left.","The Working Families Party, an influential, labor-backed organization that has helped push Democrats to the left, is moving toward a new identity: It wants to align itself with the movement that spawned Representative Alexandria Ocasio-Cortez.","The Working Families Party, an influential, labor-backed organization that has helped push Democrats to the left, is moving toward a new identity: It wants to align itself with the movement that spawned Representative Alexandria Ocasio-Cortez.","New York",,"2019-12-06T19:34:38+0000","democrat"
"The actress went shopping for vegan snacks — and votes — in Iowa with her boyfriend, the presidential candidate Cory Booker.","IOWA CITY — Senator Cory Booker was in a frantic sprint for a little extra zest in Iowa.","IOWA CITY — Senator Cory Booker was in a frantic sprint for a little extra zest in Iowa.","U.S.","Politics","2019-12-08T22:06:36+0000","democrat"
"Representative Collin Peterson of rural Minnesota is one of two Democrats who voted against the impeachment inquiry. It has left him a man in the lonely middle.","CROOKSTON, Minn. — Collin Peterson just wanted to talk about soybean prices and dying potato crops when he flew home to the western Minnesota farmlands that he has represented in Congress for almost 30 years.","CROOKSTON, Minn. — Collin Peterson just wanted to talk about soybean prices and dying potato crops when he flew home to the western Minnesota farmlands that he has represented in Congress for almost 30 years.","U.S.",,"2019-11-13T10:00:16+0000","democrat"
"Speaker Nancy Pelosi asked the Judiciary Committee to proceed with drafting articles of impeachment against President Trump.","Speaker Nancy Pelosi asked House leaders to proceed with drafting articles of impeachment against President Trump. The following is a transcript of her remarks as prepared by The New York Times.","Speaker Nancy Pelosi asked House leaders to proceed with drafting articles of impeachment against President Trump. The following is a transcript of her remarks as prepared by The New York Times.","U.S.","Politics","2019-12-05T14:38:33+0000","democrat"
"The rise and fall of a former top contender.","This article is part of the Debatable newsletter. You can sign up here to receive it Tuesdays and Thursdays.","This article is part of the Debatable newsletter. You can sign up here to receive it Tuesdays and Thursdays.","Opinion",,"2019-12-05T22:50:02+0000","democrat"
"For Democrats, it’s Des Moines for the holidays.","Kamala Harris is out! This is big news. The Democratic presidential field is shrinking. We’ve got only 15 people left. Twenty-six fewer than the House Judiciary Committee. Smaller than the cast of “Saturday Night Live.” Although sometimes more entertaining.","Kamala Harris is out! This is big news. The Democratic presidential field is shrinking. We’ve got only 15 people left. Twenty-six fewer than the House Judiciary Committee. Smaller than the cast of “Saturday Night Live.” Although sometimes more entertaining.","Opinion",,"2019-12-05T01:31:08+0000","democrat"
"President Trump left a dreary Washington on Monday with some pointed words for Democrats, who, he said, are deliberately holding an impeachment hearing while he is out of the country.","WASHINGTON — President Trump set off to London on Monday, admonishing “radical” Democrats for continuing their impeachment inquiry while he attends a NATO summit — “one of the most important journeys that we make as president.”","WASHINGTON — President Trump set off to London on Monday, admonishing “radical” Democrats for continuing their impeachment inquiry while he attends a NATO summit — “one of the most important journeys that we make as president.”","U.S.","Politics","2019-12-02T17:30:21+0000","democrat"
"Daniel S. Goldman met Representative Adam B. Schiff in the green room at MSNBC. Stephen R. Castor is a veteran government lawyer. They now have starring roles in Washington’s impeachment drama.","WASHINGTON — On the day in June 2018 that President Trump declared he had the “absolute right” to pardon himself, Daniel S. Goldman met Representative Adam B. Schiff in a classic Washington way: They struck up a conversation in the green room at MSNBC. ","WASHINGTON — On the day in June 2018 that President Trump declared he had the “absolute right” to pardon himself, Daniel S. Goldman met Representative Adam B. Schiff in a classic Washington way: They struck up a conversation in the green room at MSNBC. ","U.S.","Politics","2019-12-02T19:11:23+0000","democrat"
"A potential wealth tax or higher levies on capital gains are just two reasons, beyond politics, that are raising thoughts of renunciation.","When Donald J. Trump was elected president in 2016, some people, many of them Democrats, talked about renouncing their United States citizenship and moving abroad as a political protest. But now, a different group of Americans say they are considering leaving — people of both parties who would be hit by the wealth tax proposed by two senators seeking to oppose Mr. Trump in his race for re-election, Elizabeth Warren and Bernie Sanders.","When Donald J. Trump was elected president in 2016, some people, many of them Democrats, talked about renouncing their United States citizenship and moving abroad as a political protest. But now, a different group of Americans say they are considering leaving — people of both parties who would be hit by the wealth tax proposed by two senators seeking to oppose Mr. Trump in his race for re-election, Elizabeth Warren and Bernie Sanders.","Your Money",,"2019-12-06T15:09:26+0000","democrat"
"Mr. Feldman, a professor at Harvard Law School who has written widely about religion and the law, has said the country faces a constitutional crisis.","Noah Feldman, a professor at Harvard Law School, is part of a vanishing breed, a public intellectual equally at ease with writing law review articles, books aimed at both popular and scholarly audiences and regular opinion columns, all leaning left but with a distinct contrarian streak.","Noah Feldman, a professor at Harvard Law School, is part of a vanishing breed, a public intellectual equally at ease with writing law review articles, books aimed at both popular and scholarly audiences and regular opinion columns, all leaning left but with a distinct contrarian streak.","U.S.","Politics","2019-12-04T13:30:06+0000","democrat"
"At the first House Judiciary Committee impeachment hearing, Republicans’ witness said lawmakers were rushing the process and should instead let court fights over access to witnesses play out.","WASHINGTON — Are House Democrats making a mistake by moving swiftly to impeach President Trump when some facts remain hidden about whether he abused his power in the Ukraine affair?","WASHINGTON — Are House Democrats making a mistake by moving swiftly to impeach President Trump when some facts remain hidden about whether he abused his power in the Ukraine affair?","U.S.","Politics","2019-12-04T18:49:57+0000","democrat"
"He needs to give voters more information about his work for the consulting firm McKinsey.","Pete Buttigieg worked nearly three years for the consulting firm McKinsey & Company, and he has presented that experience as a kind of capitalist credential — distinguishing him from some rivals for the Democratic presidential nomination, and inoculating him against Republican attacks.","Pete Buttigieg worked nearly three years for the consulting firm McKinsey & Company, and he has presented that experience as a kind of capitalist credential — distinguishing him from some rivals for the Democratic presidential nomination, and inoculating him against Republican attacks.","Opinion",,"2019-12-05T21:32:27+0000","democrat"
"Shortly after John Kerry, the former secretary of state, endorsed Mr. Biden in the 2020 Democratic primary, the former vice president had a heated confrontation with a voter.","NEW HAMPTON, Iowa — Former Vice President Joseph R. Biden Jr. on Thursday angrily lashed out at a voter who questioned his son’s overseas business dealings at a campaign stop in Iowa, calling the man a “damn liar” in an unusually heated exchange.","NEW HAMPTON, Iowa — Former Vice President Joseph R. Biden Jr. on Thursday angrily lashed out at a voter who questioned his son’s overseas business dealings at a campaign stop in Iowa, calling the man a “damn liar” in an unusually heated exchange.","U.S.","Politics","2019-12-05T17:27:15+0000","democrat"